<!DOCTYPE suite SYSTEM "https://testng.org/testng-1.0.dtd" >
<suite name="MultiGroupSuite" verbose="1">
  <!-- Option A: Directly include multiple groups -->
  <test name="RunSmokeAndRegression">
    <groups>
      <run>
        <include name="smoke"/>
        <include name="regression"/>
      </run>
    </groups>
    <classes>
      <class name="TestNgPractice.MultiGroupTest"/>
      
    </classes>
  </test>

  <!-- Option B: Define meta-groups and reuse them -->
  <test name="RunCritical">
    <groups>
      <define name="critical">
        <include name="smoke"/>
        <include name="sanity"/>
      </define>
      <run>
        <include name="critical"/>
      </run>
    </groups>
    <classes>
      <class name="TestNgPractice.MultiGroupTest"/>
     
    </classes>
  </test>
</suite>